{"cameraMode":{"drawMode":0,"name":"Shaded","section":"Shading Mode"},"sceneLighting":true,"audioPlay":false,"sceneViewState":{"m_AlwaysRefresh":false,"showFog":true,"showSkybox":true,"showFlares":true,"showImageEffects":true,"showParticleSystems":true,"showVisualEffectGraphs":true,"m_FxEnabled":true},"in2DMode":false,"pivot":{"x":0.925015926361084,"y":2.694864273071289,"z":-2.027524948120117},"rotation":{"x":0.15754163265228272,"y":-0.04917105287313461,"z":0.00785420648753643,"w":0.9862622022628784},"size":7.6306891441345219,"orthographic":true}